Stuck,Linnell,lstuck0,lstuck0@yahoo.co.jp,239.96.3.48,2020-04-18
Spencers,Obed,ospencers1,ospencers1@mediafire.com,146.205.149.144,2022-11-22
Neames,Boris,bneames2,bneames2@nyu.edu,173.18.14.203,2014-08-03
Danielis,Dalila,ddanielis3,ddanielis3@time.com,138.127.168.214,2021-03-10
Longridge,Nana,nlongridge4,nlongridge4@nih.gov,116.232.123.194,2014-08-03
Hasslocher,Daisie,dhasslocher5,dhasslocher5@g.co,201.71.221.8,2018-08-13
Burner,Olivier,oburner6,oburner6@illinois.edu,168.140.234.227,2012-09-07
Dullingham,Melody,mdullingham7,mdullingham7@hostgator.com,133.134.17.140,2016-04-01
Thyng,Blondie,bthyng8,bthyng8@house.gov,15.146.73.10,2010-11-17
Derwin,Klement,kderwin9,kderwin9@wp.com,38.142.85.27,2014-02-09
