1,lleprovost0@nsw.gov.au,https://robohash.org/deseruntsuntiste.png?size=100x100&set=set1,Product Management,Le Provost,Letty,516-133-8033
2,kdmitrienko1@independent.co.uk,https://robohash.org/quidemnemoiste.png?size=100x100&set=set1,Training,Dmitrienko,Karlan,334-729-9643
3,nmcmurrugh2@issuu.com,https://robohash.org/voluptasfugiatet.png?size=100x100&set=set1,Accounting,McMurrugh,Nikolia,473-558-1826
4,ajoss3@xing.com,https://robohash.org/adblanditiisin.png?size=100x100&set=set1,Research and Development,Joss,Angeline,317-552-6889
5,lpellew4@netvibes.com,https://robohash.org/explicaboquoiure.png?size=100x100&set=set1,Sales,Pellew,Lorilyn,847-115-6951
6,mleif5@gov.uk,https://robohash.org/quiautdolorum.png?size=100x100&set=set1,Engineering,Leif,Micaela,332-566-1322
7,sbarnwill6@ebay.co.uk,https://robohash.org/quisuntvoluptatem.png?size=100x100&set=set1,Marketing,Barnwill,Salomone,803-854-1694
8,tjiggins7@godaddy.com,https://robohash.org/modinihilsapiente.png?size=100x100&set=set1,Sales,Jiggins,Tomlin,212-592-2240
9,tcorbet8@sohu.com,https://robohash.org/maioresullamaperiam.png?size=100x100&set=set1,Product Management,Corbet,Thornie,438-710-9805
10,cgraeme9@uiuc.edu,https://robohash.org/molestiaeexcepturitemporibus.png?size=100x100&set=set1,Accounting,Graeme,Caritta,766-647-3605
