ppatria0,Prudy,Patria,ppatria0@alibaba.com,179.236.74.88,2023-07-06,Business Development
imaccart1,Isa,MacCart,imaccart1@virginia.edu,149.191.87.39,2023-09-11,Human Resources
gakroyd2,Gabbey,Akroyd,gakroyd2@issuu.com,34.51.212.79,2023-07-21,Accounting
imidgley3,Isobel,Midgley,imidgley3@sina.com.cn,254.78.55.191,2023-08-16,Engineering
rronald4,Rosemary,Ronald,rronald4@youtube.com,69.141.178.143,2023-08-04,Human Resources
lhaycraft5,Linoel,Haycraft,lhaycraft5@artisteer.com,129.84.157.18,2023-06-23,Engineering
dmuneely6,Dukey,Muneely,dmuneely6@cdc.gov,243.210.228.192,2023-06-04,Legal
ryegorkin7,Reed,Yegorkin,ryegorkin7@nih.gov,149.68.167.206,2023-07-01,Services
trickert8,Tommie,Rickert,trickert8@nationalgeographic.com,114.216.217.132,2023-06-15,Human Resources
jhallihan9,Joell,Hallihan,jhallihan9@bloglines.com,185.150.138.100,2023-08-12,Accounting
